"DisplayName","Enabled","Direction","Action","Protocol","Port"
"SNMP Trap Service (UDP In)","False","Inbound","Allow",,
"SNMP Trap Service (UDP In)","False","Inbound","Allow",,
"WFD Driver-only (TCP-In)","True","Inbound","Allow",,
"WFD Driver-only (TCP-Out)","True","Outbound","Allow",,
"WFD Driver-only (UDP-In)","True","Inbound","Allow",,
"WFD Driver-only (UDP-Out)","True","Outbound","Allow",,
"Delivery Optimization (TCP-In)","True","Inbound","Allow",,
"Delivery Optimization (UDP-In)","True","Inbound","Allow",,
"Windows Collaboration Computer Name Registration Service (PNRP-In)","False","Inbound","Allow",,
"Windows Collaboration Computer Name Registration Service (PNRP-Out)","False","Outbound","Allow",,
"Windows Collaboration Computer Name Registration Service (SSDP-In)","False","Inbound","Allow",,
"Windows Collaboration Computer Name Registration Service (SSDP-Out)","False","Outbound","Allow",,
"Connected Devices Platform (UDP-In)","True","Inbound","Allow",,
"Connected Devices Platform (UDP-Out)","True","Outbound","Allow",,
"Connected Devices Platform (TCP-In)","True","Inbound","Allow",,
"Connected Devices Platform (TCP-Out)","True","Outbound","Allow",,
"Connected Devices Platform - Wi-Fi Direct Transport (TCP-In)","True","Inbound","Allow",,
"Connected Devices Platform - Wi-Fi Direct Transport (TCP-Out)","True","Outbound","Allow",,
"Core Networking - Destination Unreachable (ICMPv6-In)","True","Inbound","Allow",,
"Core Networking - Packet Too Big (ICMPv6-In)","True","Inbound","Allow",,
"Core Networking - Packet Too Big (ICMPv6-Out)","True","Outbound","Allow",,
"Core Networking - Time Exceeded (ICMPv6-In)","True","Inbound","Allow",,
"Core Networking - Time Exceeded (ICMPv6-Out)","True","Outbound","Allow",,
"Core Networking - Parameter Problem (ICMPv6-In)","True","Inbound","Allow",,
"Core Networking - Parameter Problem (ICMPv6-Out)","True","Outbound","Allow",,
"Core Networking - Neighbor Discovery Solicitation (ICMPv6-In)","True","Inbound","Allow",,
"Core Networking - Neighbor Discovery Solicitation (ICMPv6-Out)","True","Outbound","Allow",,
"Core Networking - Neighbor Discovery Advertisement (ICMPv6-In)","True","Inbound","Allow",,
"Core Networking - Neighbor Discovery Advertisement (ICMPv6-Out)","True","Outbound","Allow",,
"Core Networking - Router Advertisement (ICMPv6-In)","True","Inbound","Allow",,
"Core Networking - Router Advertisement (ICMPv6-Out)","True","Outbound","Allow",,
"Core Networking - Router Solicitation (ICMPv6-In)","True","Inbound","Allow",,
"Core Networking - Router Solicitation (ICMPv6-Out)","True","Outbound","Allow",,
"Core Networking - Multicast Listener Query (ICMPv6-In)","True","Inbound","Allow",,
"Core Networking - Multicast Listener Query (ICMPv6-Out)","True","Outbound","Allow",,
"Core Networking - Multicast Listener Report (ICMPv6-In)","True","Inbound","Allow",,
"Core Networking - Multicast Listener Report (ICMPv6-Out)","True","Outbound","Allow",,
"Core Networking - Multicast Listener Report v2 (ICMPv6-In)","True","Inbound","Allow",,
"Core Networking - Multicast Listener Report v2 (ICMPv6-Out)","True","Outbound","Allow",,
"Core Networking - Multicast Listener Done (ICMPv6-In)","True","Inbound","Allow",,
"Core Networking - Multicast Listener Done (ICMPv6-Out)","True","Outbound","Allow",,
"Core Networking - Destination Unreachable Fragmentation Needed (ICMPv4-In)","True","Inbound","Allow",,
"Core Networking - Internet Group Management Protocol (IGMP-In)","True","Inbound","Allow",,
"Core Networking - Internet Group Management Protocol (IGMP-Out)","True","Outbound","Allow",,
"Core Networking - Dynamic Host Configuration Protocol (DHCP-In)","True","Inbound","Allow",,
"Core Networking - Dynamic Host Configuration Protocol (DHCP-Out)","True","Outbound","Allow",,
"Core Networking - Dynamic Host Configuration Protocol for IPv6(DHCPV6-In)","True","Inbound","Allow",,
"Core Networking - Dynamic Host Configuration Protocol for IPv6(DHCPV6-Out)","True","Outbound","Allow",,
"Core Networking - Teredo (UDP-In)","True","Inbound","Allow",,
"Core Networking - Teredo (UDP-Out)","True","Outbound","Allow",,
"Core Networking - IPHTTPS (TCP-In)","True","Inbound","Allow",,
"Core Networking - IPHTTPS (TCP-Out)","True","Outbound","Allow",,
"Core Networking - IPv6 (IPv6-In)","True","Inbound","Allow",,
"Core Networking - IPv6 (IPv6-Out)","True","Outbound","Allow",,
"Core Networking - Group Policy (NP-Out)","True","Outbound","Allow",,
"Core Networking - Group Policy (TCP-Out)","True","Outbound","Allow",,
"Core Networking - DNS (UDP-Out)","True","Outbound","Allow",,
"Core Networking - Group Policy (LSASS-Out)","True","Outbound","Allow",,
"Core Networking Diagnostics - ICMP Echo Request (ICMPv4-In)","False","Inbound","Allow",,
"Core Networking Diagnostics - ICMP Echo Request (ICMPv4-Out)","False","Outbound","Allow",,
"Core Networking Diagnostics - ICMP Echo Request (ICMPv6-In)","False","Inbound","Allow",,
"Core Networking Diagnostics - ICMP Echo Request (ICMPv6-Out)","False","Outbound","Allow",,
"Core Networking Diagnostics - ICMP Echo Request (ICMPv4-In)","False","Inbound","Allow",,
"Core Networking Diagnostics - ICMP Echo Request (ICMPv4-Out)","False","Outbound","Allow",,
"Core Networking Diagnostics - ICMP Echo Request (ICMPv6-In)","False","Inbound","Allow",,
"Core Networking Diagnostics - ICMP Echo Request (ICMPv6-Out)","False","Outbound","Allow",,
"Performance Logs and Alerts (TCP-In)","False","Inbound","Allow",,
"Performance Logs and Alerts (DCOM-In)","False","Inbound","Allow",,
"Performance Logs and Alerts (TCP-In)","False","Inbound","Allow",,
"Performance Logs and Alerts (DCOM-In)","False","Inbound","Allow",,
"Remote Volume Management - Virtual Disk Service (RPC)","False","Inbound","Allow",,
"Remote Volume Management - Virtual Disk Service Loader (RPC)","False","Inbound","Allow",,
"Remote Volume Management (RPC-EPMAP)","False","Inbound","Allow",,
"Remote Volume Management - Virtual Disk Service (RPC)","False","Inbound","Allow",,
"Remote Volume Management - Virtual Disk Service Loader (RPC)","False","Inbound","Allow",,
"Remote Volume Management (RPC-EPMAP)","False","Inbound","Allow",,
"Windows Device Management Sync Client (TCP out)","True","Outbound","Allow",,
"Remote Scheduled Tasks Management (RPC)","False","Inbound","Allow",,
"Remote Scheduled Tasks Management (RPC-EPMAP)","False","Inbound","Allow",,
"Remote Scheduled Tasks Management (RPC)","False","Inbound","Allow",,
"Remote Scheduled Tasks Management (RPC-EPMAP)","False","Inbound","Allow",,
"iSCSI Service (TCP-In)","False","Inbound","Allow",,
"iSCSI Service (TCP-Out)","False","Outbound","Allow",,
"iSCSI Service (TCP-In)","False","Inbound","Allow",,
"iSCSI Service (TCP-Out)","False","Outbound","Allow",,
"Remote Service Management (RPC)","False","Inbound","Allow",,
"Remote Service Management (NP-In)","False","Inbound","Allow",,
"Remote Service Management (RPC-EPMAP)","False","Inbound","Allow",,
"Remote Service Management (RPC)","False","Inbound","Allow",,
"Remote Service Management (NP-In)","False","Inbound","Allow",,
"Remote Service Management (RPC-EPMAP)","False","Inbound","Allow",,
"Windows Device Management Device Enroller (TCP out)","True","Outbound","Allow",,
"Virtual Machine Monitoring (Echo Request - ICMPv4-In)","False","Inbound","Allow",,
"Virtual Machine Monitoring (Echo Request - ICMPv6-In)","False","Inbound","Allow",,
"Virtual Machine Monitoring (NB-Session-In)","False","Inbound","Allow",,
"Virtual Machine Monitoring (RPC)","False","Inbound","Allow",,
"Virtual Machine Monitoring (DCOM-In)","False","Inbound","Allow",,
"Proximity sharing over TCP (TCP sharing-In)","True","Inbound","Allow",,
"Proximity sharing over TCP (TCP sharing-Out)","True","Outbound","Allow",,
"Network Discovery (UPnP-In)","False","Inbound","Allow",,
"Network Discovery (UPnP-Out)","False","Outbound","Allow",,
"Network Discovery (NB-Name-In)","False","Inbound","Allow",,
"Network Discovery (NB-Name-Out)","False","Outbound","Allow",,
"Network Discovery (NB-Datagram-In)","False","Inbound","Allow",,
"Network Discovery (NB-Datagram-Out)","False","Outbound","Allow",,
"Network Discovery (WSD EventsSecure-In)","False","Inbound","Allow",,
"Network Discovery (WSD EventsSecure-Out)","False","Outbound","Allow",,
"Network Discovery (WSD Events-In)","False","Inbound","Allow",,
"Network Discovery (WSD Events-Out)","False","Outbound","Allow",,
"Network Discovery (SSDP-In)","True","Inbound","Allow",,
"Network Discovery (SSDP-Out)","True","Outbound","Allow",,
"Network Discovery (UPnP-In)","True","Inbound","Allow",,
"Network Discovery (UPnP-Out)","True","Outbound","Allow",,
"Network Discovery (UPnPHost-Out)","True","Outbound","Allow",,
"Network Discovery (NB-Name-In)","True","Inbound","Allow",,
"Network Discovery (NB-Name-Out)","True","Outbound","Allow",,
"Network Discovery (NB-Datagram-In)","True","Inbound","Allow",,
"Network Discovery (NB-Datagram-Out)","True","Outbound","Allow",,
"Network Discovery (WSD-In)","True","Inbound","Allow",,
"Network Discovery (WSD-In)","True","Inbound","Allow",,
"Network Discovery (WSD-Out)","True","Outbound","Allow",,
"Network Discovery (LLMNR-UDP-In)","True","Inbound","Allow",,
"Network Discovery (LLMNR-UDP-Out)","True","Outbound","Allow",,
"Network Discovery (Pub-WSD-In)","True","Inbound","Allow",,
"Network Discovery (Pub WSD-Out)","True","Outbound","Allow",,
"Network Discovery (WSD EventsSecure-In)","True","Inbound","Allow",,
"Network Discovery (WSD EventsSecure-Out)","True","Outbound","Allow",,
"Network Discovery (WSD Events-In)","True","Inbound","Allow",,
"Network Discovery (WSD Events-Out)","True","Outbound","Allow",,
"Network Discovery (SSDP-In)","False","Inbound","Allow",,
"Network Discovery for Teredo (SSDP-In)","True","Inbound","Allow",,
"Network Discovery (SSDP-Out)","False","Outbound","Allow",,
"Network Discovery (UPnPHost-Out)","False","Outbound","Allow",,
"Network Discovery (UPnP-In)","False","Inbound","Allow",,
"Network Discovery for Teredo (UPnP-In)","True","Inbound","Allow",,
"Network Discovery (UPnP-Out)","False","Outbound","Allow",,
"Network Discovery (NB-Name-In)","False","Inbound","Allow",,
"Network Discovery (NB-Name-Out)","False","Outbound","Allow",,
"Network Discovery (NB-Datagram-In)","False","Inbound","Allow",,
"Network Discovery (NB-Datagram-Out)","False","Outbound","Allow",,
"Network Discovery (WSD-In)","False","Inbound","Allow",,
"Network Discovery (WSD-In)","False","Inbound","Allow",,
"Network Discovery (WSD-Out)","False","Outbound","Allow",,
"Network Discovery (LLMNR-UDP-In)","False","Inbound","Allow",,
"Network Discovery (LLMNR-UDP-Out)","False","Outbound","Allow",,
"Network Discovery (Pub-WSD-In)","False","Inbound","Allow",,
"Network Discovery (Pub WSD-Out)","False","Outbound","Allow",,
"Network Discovery (WSD EventsSecure-In)","False","Inbound","Allow",,
"Network Discovery (WSD EventsSecure-Out)","False","Outbound","Allow",,
"Network Discovery (WSD Events-In)","False","Inbound","Allow",,
"Network Discovery (WSD Events-Out)","False","Outbound","Allow",,
"Remote Event Monitor (RPC)","False","Inbound","Allow",,
"Remote Event Monitor (RPC-EPMAP)","False","Inbound","Allow",,
"Windows Defender Firewall Remote Management (RPC)","False","Inbound","Allow",,
"Windows Defender Firewall Remote Management (RPC-EPMAP)","False","Inbound","Allow",,
"Windows Defender Firewall Remote Management (RPC)","False","Inbound","Allow",,
"Windows Defender Firewall Remote Management (RPC-EPMAP)","False","Inbound","Allow",,
"mDNS (UDP-In)","True","Inbound","Allow",,
"mDNS (UDP-In)","True","Inbound","Allow",,
"mDNS (UDP-In)","True","Inbound","Allow",,
"mDNS (UDP-Out)","True","Outbound","Allow",,
"mDNS (UDP-Out)","True","Outbound","Allow",,
"mDNS (UDP-Out)","True","Outbound","Allow",,
"AllJoyn Router (TCP-In)","True","Inbound","Allow",,
"AllJoyn Router (TCP-Out)","True","Outbound","Allow",,
"AllJoyn Router (UDP-In)","True","Inbound","Allow",,
"AllJoyn Router (UDP-Out)","True","Outbound","Allow",,
"Windows Device Management Certificate Installer (TCP out)","True","Outbound","Allow",,
"Routing and Remote Access (GRE-In)","False","Inbound","Allow",,
"Routing and Remote Access (GRE-Out)","False","Outbound","Allow",,
"Routing and Remote Access (L2TP-In)","False","Inbound","Allow",,
"Routing and Remote Access (L2TP-Out)","False","Outbound","Allow",,
"Routing and Remote Access (PPTP-In)","False","Inbound","Allow",,
"Routing and Remote Access (PPTP-Out)","False","Outbound","Allow",,
"Netlogon Service (NP-In)","False","Inbound","Allow",,
"Netlogon Service Authz (RPC)","False","Inbound","Allow",,
"Wi-Fi Direct Network Discovery (In)","True","Inbound","Allow",,
"Wi-Fi Direct Network Discovery (Out)","True","Outbound","Allow",,
"Wi-Fi Direct Spooler Use (In)","True","Inbound","Allow",,
"Wi-Fi Direct Spooler Use (Out)","True","Outbound","Allow",,
"Wi-Fi Direct Scan Service Use (In)","True","Inbound","Allow",,
"Wi-Fi Direct Scan Service Use (Out)","True","Outbound","Allow",,
"TPM Virtual Smart Card Management (DCOM-In)","False","Inbound","Allow",,
"TPM Virtual Smart Card Management (TCP-In)","False","Inbound","Allow",,
"TPM Virtual Smart Card Management (TCP-Out)","False","Outbound","Allow",,
"TPM Virtual Smart Card Management (DCOM-In)","False","Inbound","Allow",,
"TPM Virtual Smart Card Management (TCP-In)","False","Inbound","Allow",,
"TPM Virtual Smart Card Management (TCP-Out)","False","Outbound","Allow",,
"Remote Event Log Management (RPC)","False","Inbound","Allow",,
"Remote Event Log Management (NP-In)","False","Inbound","Allow",,
"Remote Event Log Management (RPC-EPMAP)","False","Inbound","Allow",,
"Remote Event Log Management (RPC)","False","Inbound","Allow",,
"Remote Event Log Management (NP-In)","False","Inbound","Allow",,
"Remote Event Log Management (RPC-EPMAP)","False","Inbound","Allow",,
"Wireless Display (TCP-In)","True","Inbound","Allow",,
"Wireless Display (TCP-Out)","True","Outbound","Allow",,
"Wireless Display (UDP-Out)","True","Outbound","Allow",,
"Wireless Display Infrastructure Back Channel (TCP-In)","True","Inbound","Allow",,
"Windows Peer to Peer Collaboration Foundation (TCP-In)","False","Inbound","Allow",,
"Windows Peer to Peer Collaboration Foundation (TCP-Out)","False","Outbound","Allow",,
"Windows Peer to Peer Collaboration Foundation (WSD-In)","False","Inbound","Allow",,
"Windows Peer to Peer Collaboration Foundation (WSD-Out)","False","Outbound","Allow",,
"Windows Peer to Peer Collaboration Foundation (PNRP-In)","False","Inbound","Allow",,
"Windows Peer to Peer Collaboration Foundation (PNRP-Out)","False","Outbound","Allow",,
"Windows Peer to Peer Collaboration Foundation (SSDP-In)","False","Inbound","Allow",,
"Windows Peer to Peer Collaboration Foundation (SSDP-Out)","False","Outbound","Allow",,
"Windows Device Management Enrollment Service (TCP out)","True","Outbound","Allow",,
"DIAL protocol server (HTTP-In)","True","Inbound","Allow",,
"DIAL protocol server (HTTP-In)","True","Inbound","Allow",,
"Windows Management Instrumentation (DCOM-In)","False","Inbound","Allow",,
"Windows Management Instrumentation (WMI-In)","False","Inbound","Allow",,
"Windows Management Instrumentation (WMI-Out)","False","Outbound","Allow",,
"Windows Management Instrumentation (ASync-In)","False","Inbound","Allow",,
"Windows Management Instrumentation (DCOM-In)","False","Inbound","Allow",,
"Windows Management Instrumentation (WMI-In)","False","Inbound","Allow",,
"Windows Management Instrumentation (WMI-Out)","False","Outbound","Allow",,
"Windows Management Instrumentation (ASync-In)","False","Inbound","Allow",,
"Windows Remote Management (HTTP-In)","False","Inbound","Allow",,
"Windows Remote Management (HTTP-In)","False","Inbound","Allow",,
"Windows Remote Management - Compatibility Mode (HTTP-In)","False","Inbound","Allow",,
"Windows Remote Management - Compatibility Mode (HTTP-In)","False","Inbound","Allow",,
"Recommended Troubleshooting Client (HTTP/HTTPS Out)","True","Outbound","Allow",,
"Inbound Rule for Remote Shutdown (TCP-In)","False","Inbound","Allow",,
"Inbound Rule for Remote Shutdown (RPC-EP-In)","False","Inbound","Allow",,
"Distributed Transaction Coordinator (TCP-In)","False","Inbound","Allow",,
"Distributed Transaction Coordinator (TCP-Out)","False","Outbound","Allow",,
"Distributed Transaction Coordinator (RPC)","False","Inbound","Allow",,
"Distributed Transaction Coordinator (RPC-EPMAP)","False","Inbound","Allow",,
"Distributed Transaction Coordinator (TCP-In)","False","Inbound","Allow",,
"Distributed Transaction Coordinator (TCP-Out)","False","Outbound","Allow",,
"Distributed Transaction Coordinator (RPC)","False","Inbound","Allow",,
"Distributed Transaction Coordinator (RPC-EPMAP)","False","Inbound","Allow",,
"Remote Assistance (TCP-In)","False","Inbound","Allow",,
"Remote Assistance (TCP-Out)","False","Outbound","Allow",,
"Remote Assistance (PNRP-In)","False","Inbound","Allow",,
"Remote Assistance (PNRP-Out)","False","Outbound","Allow",,
"Remote Assistance (RA Server TCP-In)","True","Inbound","Allow",,
"Remote Assistance (RA Server TCP-Out)","True","Outbound","Allow",,
"Remote Assistance (DCOM-In)","True","Inbound","Allow",,
"Remote Assistance (TCP-In)","True","Inbound","Allow",,
"Remote Assistance (TCP-Out)","True","Outbound","Allow",,
"Remote Assistance (SSDP UDP-In)","True","Inbound","Allow",,
"Remote Assistance (SSDP UDP-Out)","True","Outbound","Allow",,
"Remote Assistance (SSDP TCP-In)","True","Inbound","Allow",,
"Remote Assistance (SSDP TCP-Out)","True","Outbound","Allow",,
"Remote Assistance (PNRP-In)","True","Inbound","Allow",,
"Remote Assistance (PNRP-Out)","True","Outbound","Allow",,
"@FirewallAPI.dll,-80201","True","Inbound","Allow",,
"@FirewallAPI.dll,-80204","True","Outbound","Allow",,
"@FirewallAPI.dll,-80206","True","Inbound","Allow",,
"File and Printer Sharing (NB-Session-In)","False","Inbound","Allow",,
"File and Printer Sharing (NB-Session-Out)","False","Outbound","Allow",,
"File and Printer Sharing (SMB-In)","False","Inbound","Allow",,
"File and Printer Sharing (SMB-Out)","False","Outbound","Allow",,
"File and Printer Sharing (NB-Name-In)","False","Inbound","Allow",,
"File and Printer Sharing (NB-Name-Out)","False","Outbound","Allow",,
"File and Printer Sharing (NB-Datagram-In)","False","Inbound","Allow",,
"File and Printer Sharing (NB-Datagram-Out)","False","Outbound","Allow",,
"File and Printer Sharing (Spooler Service - RPC)","False","Inbound","Allow",,
"File and Printer Sharing (Spooler Service - RPC-EPMAP)","False","Inbound","Allow",,
"File and Printer Sharing (Echo Request - ICMPv4-In)","False","Inbound","Allow",,
"File and Printer Sharing (Echo Request - ICMPv4-Out)","False","Outbound","Allow",,
"File and Printer Sharing (Echo Request - ICMPv6-In)","False","Inbound","Allow",,
"File and Printer Sharing (Echo Request - ICMPv6-Out)","False","Outbound","Allow",,
"File and Printer Sharing (NB-Session-In)","False","Inbound","Allow",,
"File and Printer Sharing (NB-Session-Out)","False","Outbound","Allow",,
"File and Printer Sharing (SMB-In)","False","Inbound","Allow",,
"File and Printer Sharing (SMB-Out)","False","Outbound","Allow",,
"File and Printer Sharing (NB-Name-In)","False","Inbound","Allow",,
"File and Printer Sharing (NB-Name-Out)","False","Outbound","Allow",,
"File and Printer Sharing (NB-Datagram-In)","False","Inbound","Allow",,
"File and Printer Sharing (NB-Datagram-Out)","False","Outbound","Allow",,
"File and Printer Sharing (Spooler Service - RPC)","False","Inbound","Allow",,
"File and Printer Sharing (Spooler Service - RPC-EPMAP)","False","Inbound","Allow",,
"File and Printer Sharing (Echo Request - ICMPv4-In)","False","Inbound","Allow",,
"File and Printer Sharing (Echo Request - ICMPv4-Out)","False","Outbound","Allow",,
"File and Printer Sharing (Echo Request - ICMPv6-In)","False","Inbound","Allow",,
"File and Printer Sharing (Echo Request - ICMPv6-Out)","False","Outbound","Allow",,
"File and Printer Sharing (LLMNR-UDP-In)","False","Inbound","Allow",,
"File and Printer Sharing (LLMNR-UDP-Out)","False","Outbound","Allow",,
"HomeGroup In","False","Inbound","Allow",,
"HomeGroup Out","False","Outbound","Allow",,
"HomeGroup In (PNRP)","False","Inbound","Allow",,
"HomeGroup Out (PNRP)","False","Outbound","Allow",,
"Secure Socket Tunneling Protocol (SSTP-In)","False","Inbound","Allow",,
"Connected User Experiences and Telemetry","True","Outbound","Allow",,
"WFD ASP Coordination Protocol (UDP-In)","True","Inbound","Allow",,
"WFD ASP Coordination Protocol (UDP-Out)","True","Outbound","Allow",,
"Windows Media Player x86 (UDP-In)","False","Inbound","Allow",,
"Windows Media Player x86 (UDP-Out)","False","Outbound","Allow",,
"Windows Media Player x86 (TCP-Out)","False","Outbound","Allow",,
"Windows Media Player (UDP-In)","False","Inbound","Allow",,
"Windows Media Player (UDP-Out)","False","Outbound","Allow",,
"Windows Media Player (TCP-Out)","False","Outbound","Allow",,
"Windows Media Player Network Sharing Service (qWave-UDP-In)","False","Inbound","Allow",,
"Windows Media Player Network Sharing Service (qWave-UDP-Out)","False","Outbound","Allow",,
"Windows Media Player Network Sharing Service (qWave-TCP-In)","False","Inbound","Allow",,
"Windows Media Player Network Sharing Service (qWave-TCP-Out)","False","Outbound","Allow",,
"Windows Media Player Network Sharing Service (HTTP-Streaming-In)","False","Inbound","Allow",,
"Windows Media Player Network Sharing Service (HTTP-Streaming-Out)","False","Outbound","Allow",,
"Windows Media Player Network Sharing Service (Streaming-UDP-In)","False","Inbound","Allow",,
"Windows Media Player Network Sharing Service (Streaming-UDP-Out)","False","Outbound","Allow",,
"Windows Media Player Network Sharing Service (Streaming-TCP-Out)","False","Outbound","Allow",,
"Windows Media Player Network Sharing Service (UDP-In)","False","Inbound","Allow",,
"Windows Media Player Network Sharing Service (UDP-Out)","False","Outbound","Allow",,
"Windows Media Player Network Sharing Service (TCP-In)","False","Inbound","Allow",,
"Windows Media Player Network Sharing Service (TCP-Out)","False","Outbound","Allow",,
"Windows Media Player Network Sharing Service (qWave-UDP-In)","False","Inbound","Allow",,
"Windows Media Player Network Sharing Service (qWave-UDP-Out)","False","Outbound","Allow",,
"Windows Media Player Network Sharing Service (qWave-TCP-In)","False","Inbound","Allow",,
"Windows Media Player Network Sharing Service (qWave-TCP-Out)","False","Outbound","Allow",,
"Windows Media Player Network Sharing Service (SSDP-In)","False","Inbound","Allow",,
"Windows Media Player Network Sharing Service (SSDP-Out)","False","Outbound","Allow",,
"Windows Media Player Network Sharing Service (UPnP-In)","False","Inbound","Allow",,
"Windows Media Player Network Sharing Service (UPnP-Out)","False","Outbound","Allow",,
"Windows Media Player Network Sharing Service (HTTP-Streaming-In)","False","Inbound","Allow",,
"Windows Media Player Network Sharing Service (HTTP-Streaming-Out)","False","Outbound","Allow",,
"Windows Media Player Network Sharing Service (Streaming-UDP-In)","False","Inbound","Allow",,
"Windows Media Player Network Sharing Service (Streaming-UDP-Out)","False","Outbound","Allow",,
"Windows Media Player Network Sharing Service (Streaming-TCP-Out)","False","Outbound","Allow",,
"Windows Media Player Network Sharing Service (UDP-In)","False","Inbound","Allow",,
"Windows Media Player Network Sharing Service (UDP-Out)","False","Outbound","Allow",,
"Windows Media Player Network Sharing Service (TCP-In)","False","Inbound","Allow",,
"Windows Media Player Network Sharing Service (TCP-Out)","False","Outbound","Allow",,
"Windows Media Player Network Sharing Service (UPnPHost-Out)","False","Outbound","Allow",,
"Wireless Portable Devices (TCP-Out)","False","Outbound","Allow",,
"Wireless Portable Devices (TCP-Out)","False","Outbound","Allow",,
"Wireless Portable Devices (SSDP-In)","False","Inbound","Allow",,
"Wireless Portable Devices (SSDP-Out)","False","Outbound","Allow",,
"Wireless Portable Devices (UPnP-In)","False","Inbound","Allow",,
"Wireless Portable Devices (UPnP-Out)","False","Outbound","Allow",,
"Wireless Portable Devices (UPnPHost-Out)","False","Outbound","Allow",,
"Media Center Extenders - SSDP (UDP-In)","False","Inbound","Allow",,
"Media Center Extenders - SSDP (UDP-Out)","False","Outbound","Allow",,
"Media Center Extenders - RTSP (TCP-In)","False","Inbound","Allow",,
"Media Center Extenders - RTSP (TCP-Out)","False","Outbound","Allow",,
"Media Center Extenders - qWave (UDP-In)","False","Inbound","Allow",,
"Media Center Extenders - qWave (UDP-Out)","False","Outbound","Allow",,
"Media Center Extenders - qWave (TCP-In)","False","Inbound","Allow",,
"Media Center Extenders - qWave (TCP-Out)","False","Outbound","Allow",,
"Media Center Extenders - HTTP Streaming (TCP-In)","False","Inbound","Allow",,
"Media Center Extenders - XSP (TCP-In)","False","Inbound","Allow",,
"Media Center Extenders - WMDRM-ND/RTP/RTCP (UDP-In)","False","Inbound","Allow",,
"Media Center Extenders - WMDRM-ND/RTP/RTCP (UDP-Out)","False","Outbound","Allow",,
"Media Center Extenders - Service (TCP-Out)","False","Outbound","Allow",,
"Media Center Extenders - Device Provisioning (TCP-Out)","False","Outbound","Allow",,
"Media Center Extenders - Media Streaming (TCP-In)","False","Inbound","Allow",,
"Media Center Extenders - Media Streaming (TCP-Out)","False","Outbound","Allow",,
"Media Center Extenders - Device Validation (TCP-Out)","False","Outbound","Allow",,
"Media Center Extenders - Media Streaming (UDP-Out)","False","Outbound","Allow",,
"Media Center Extenders - UPnP (TCP-Out)","False","Outbound","Allow",,
"Cast to Device streaming server (HTTP-Streaming-In)","True","Inbound","Allow",,
"Cast to Device streaming server (HTTP-Streaming-In)","True","Inbound","Allow",,
"Cast to Device streaming server (HTTP-Streaming-In)","True","Inbound","Allow",,
"Cast to Device streaming server (RTCP-Streaming-In)","True","Inbound","Allow",,
"Cast to Device streaming server (RTCP-Streaming-In)","True","Inbound","Allow",,
"Cast to Device streaming server (RTCP-Streaming-In)","True","Inbound","Allow",,
"Cast to Device streaming server (RTP-Streaming-Out)","True","Outbound","Allow",,
"Cast to Device streaming server (RTP-Streaming-Out)","True","Outbound","Allow",,
"Cast to Device streaming server (RTP-Streaming-Out)","True","Outbound","Allow",,
"Cast to Device streaming server (RTSP-Streaming-In)","True","Inbound","Allow",,
"Cast to Device streaming server (RTSP-Streaming-In)","True","Inbound","Allow",,
"Cast to Device streaming server (RTSP-Streaming-In)","True","Inbound","Allow",,
"Cast to Device SSDP Discovery (UDP-In)","True","Inbound","Allow",,
"Cast to Device UPnP Events (TCP-In)","True","Inbound","Allow",,
"Cast to Device functionality (qWave-UDP-In)","True","Inbound","Allow",,
"Cast to Device functionality (qWave-UDP-Out)","True","Outbound","Allow",,
"Cast to Device functionality (qWave-TCP-In)","True","Inbound","Allow",,
"Cast to Device functionality (qWave-TCP-Out)","True","Outbound","Allow",,
"Paint 3D","True","Outbound","Allow",,
"Microsoft Pay","True","Outbound","Allow",,
"Xbox Game Bar Plugin","True","Outbound","Allow",,
"Xbox Console Companion","True","Outbound","Allow",,
"Mixed Reality Portal","True","Outbound","Allow",,
"Xbox TCUI","True","Outbound","Allow",,
"Microsoft Edge (mDNS-In)","True","Inbound","Allow",,
"Microsoft People","True","Outbound","Allow",,
"Microsoft Sticky Notes","True","Outbound","Allow",,
"Microsoft Sticky Notes","True","Inbound","Allow",,
"Windows Calculator","True","Outbound","Allow",,
"Microsoft Edge Game Assist","True","Outbound","Allow",,
"Intel? Graphics Command Center","True","Outbound","Allow",,
"Waves MaxxAudio Pro for Dell 2019","True","Outbound","Allow",,
"ms-resource:ProductPkgDisplayName","True","Inbound","Allow",,
"ms-resource:ProductPkgDisplayName","True","Inbound","Allow",,
"ms-resource:ProductPkgDisplayName","True","Inbound","Allow",,
"ms-resource:ProductPkgDisplayName","True","Inbound","Allow",,
"ms-resource:ProductPkgDisplayName","True","Outbound","Allow",,
"ms-resource:ProductPkgDisplayName","True","Outbound","Allow",,
"ms-resource:ProductPkgDisplayName","True","Outbound","Allow",,
"ms-resource:ProductPkgDisplayName","True","Outbound","Allow",,
"Your account","True","Outbound","Allow",,
"Your account","True","Inbound","Allow",,
"Work or school account","True","Outbound","Allow",,
"Work or school account","True","Inbound","Allow",,
"Captive Portal Flow","True","Outbound","Allow",,
"Start","True","Outbound","Allow",,
"Start","True","Inbound","Allow",,
"Windows Shell Experience","True","Outbound","Allow",,
"Windows Search","True","Outbound","Allow",,
"Windows Search","True","Inbound","Allow",,
"Microsoft Content","True","Outbound","Allow",,
"Windows Feature Experience Pack","True","Outbound","Allow",,
"Windows Feature Experience Pack","True","Inbound","Allow",,
"NcsiUwpApp","True","Outbound","Allow",,
"Xbox Game UI","True","Outbound","Allow",,
"Windows Security","True","Outbound","Allow",,
"Windows Security","True","Inbound","Allow",,
"Windows Shell Experience","True","Outbound","Allow",,
"Microsoft family features","True","Outbound","Allow",,
"Narrator","True","Outbound","Allow",,
"Windows Defender SmartScreen","True","Outbound","Allow",,
"Desktop App Web Viewer","True","Outbound","Allow",,
"Desktop App Web Viewer","True","Inbound","Allow",,
"Windows Default Lock Screen","True","Outbound","Allow",,
"Email and accounts","True","Outbound","Allow",,
"Microsoft Edge (mDNS-In)","True","Inbound","Allow",,
"Get Help","True","Outbound","Allow",,
"Microsoft Tips","True","Outbound","Allow",,
"Game Bar","True","Outbound","Allow",,
"Game Bar","True","Inbound","Allow",,
"App Installer","True","Outbound","Allow",,
"App Installer","True","Inbound","Allow",,
"Microsoft Store","True","Outbound","Allow",,
"Microsoft Store","True","Inbound","Allow",,
"Store Experience Host","True","Outbound","Allow",,
"Store Experience Host","True","Inbound","Allow",,
"Xbox Identity Provider","True","Outbound","Allow",,
"Mail and Calendar","True","Outbound","Allow",,
"Mail and Calendar","True","Inbound","Allow",,
"Skype","True","Outbound","Allow",,
"Skype","True","Inbound","Allow",,
"Windows Camera","True","Outbound","Allow",,
"Windows Camera","True","Inbound","Allow",,
"3D Viewer","True","Outbound","Allow",,
"MSN Weather","True","Outbound","Allow",,
"MSN Weather","True","Inbound","Allow",,
"Windows Maps","True","Outbound","Allow",,
"OneNote for Windows 10","True","Outbound","Allow",,
"OneNote for Windows 10","True","Inbound","Allow",,
"Windows Clock","True","Outbound","Allow",,
"Windows Clock","True","Inbound","Allow",,
"Movies & TV","True","Outbound","Allow",,
"Movies & TV","True","Inbound","Allow",,
"Windows Media Player","True","Outbound","Allow",,
"Windows Media Player","True","Inbound","Allow",,
"Feedback Hub","True","Outbound","Allow",,
"Feedback Hub","True","Inbound","Allow",,
"Solitaire & Casual Games","True","Outbound","Allow",,
"Solitaire & Casual Games","True","Inbound","Allow",,
"Microsoft 365 Copilot","True","Outbound","Allow",,
"Microsoft Office Outlook","True","Inbound","Allow",,
"Microsoft Office Groove","True","Inbound","Allow",,
"Microsoft Office Groove","True","Inbound","Allow",,
"Microsoft Office OneNote","True","Inbound","Allow",,
"Microsoft Office OneNote","True","Inbound","Allow",,
"WhatsApp","True","Outbound","Allow",,
"WhatsApp","True","Inbound","Allow",,
"Block SMB Inbound (445,139)","True","Inbound","Block",,
"Allow SMB From AdminPC","False","Inbound","Allow",,
"Block SMB Inbound Default","True","Inbound","Block",,
"Block RPC Dynamic Ports","True","Inbound","Block",,
"Google Chrome (mDNS-In)","True","Inbound","Allow",,
"Block-Telnet-Port-23","True","Inbound","Block",,
"Windows PowerShell","True","Inbound","Allow",,
"Windows PowerShell","True","Inbound","Allow",,
"Allow-SSH-port-22","False","Inbound","Allow",,
"Block-Telnet-Port-23","True","Inbound","Block",,
